raceId,name,date
1,Australian Grand Prix,2009-03-29
2,Malaysian Grand Prix,2009-04-05
3,Chinese Grand Prix,2009-04-19
4,Bahrain Grand Prix,2009-04-26
5,Spanish Grand Prix,2009-05-10
6,Monaco Grand Prix,2009-05-24
7,Turkish Grand Prix,2009-06-07
8,British Grand Prix,2009-06-21
9,German Grand Prix,2009-07-12
10,Hungarian Grand Prix,2009-07-26
11,European Grand Prix,2009-08-23
12,Belgian Grand Prix,2009-08-30
13,Italian Grand Prix,2009-09-13
14,Singapore Grand Prix,2009-09-27
15,Japanese Grand Prix,2009-10-04
16,Brazilian Grand Prix,2009-10-18
17,Abu Dhabi Grand Prix,2009-11-01
18,Australian Grand Prix,2008-03-16
19,Malaysian Grand Prix,2008-03-23
20,Bahrain Grand Prix,2008-04-06
21,Spanish Grand Prix,2008-04-27
22,Turkish Grand Prix,2008-05-11
23,Monaco Grand Prix,2008-05-25
24,Canadian Grand Prix,2008-06-08
25,French Grand Prix,2008-06-22
26,British Grand Prix,2008-07-06
27,German Grand Prix,2008-07-20
28,Hungarian Grand Prix,2008-08-03
29,European Grand Prix,2008-08-24
30,Belgian Grand Prix,2008-09-07
31,Italian Grand Prix,2008-09-14
32,Singapore Grand Prix,2008-09-28
33,Japanese Grand Prix,2008-10-12
34,Chinese Grand Prix,2008-10-19
35,Brazilian Grand Prix,2008-11-02
36,Australian Grand Prix,2007-03-18
37,Malaysian Grand Prix,2007-04-08
38,Bahrain Grand Prix,2007-04-15
39,Spanish Grand Prix,2007-05-13
40,Monaco Grand Prix,2007-05-27
41,Canadian Grand Prix,2007-06-10
42,United States Grand Prix,2007-06-17
43,French Grand Prix,2007-07-01
44,British Grand Prix,2007-07-08
45,European Grand Prix,2007-07-22
46,Hungarian Grand Prix,2007-08-05
47,Turkish Grand Prix,2007-08-26
48,Italian Grand Prix,2007-09-09
49,Belgian Grand Prix,2007-09-16
50,Japanese Grand Prix,2007-09-30
51,Chinese Grand Prix,2007-10-07
52,Brazilian Grand Prix,2007-10-21
53,Bahrain Grand Prix,2006-03-12
54,Malaysian Grand Prix,2006-03-19
55,Australian Grand Prix,2006-04-02
56,San Marino Grand Prix,2006-04-23
57,European Grand Prix,2006-05-07
58,Spanish Grand Prix,2006-05-14
59,Monaco Grand Prix,2006-05-28
60,British Grand Prix,2006-06-11
61,Canadian Grand Prix,2006-06-25
62,United States Grand Prix,2006-07-02
63,French Grand Prix,2006-07-16
64,German Grand Prix,2006-07-30
65,Hungarian Grand Prix,2006-08-06
66,Turkish Grand Prix,2006-08-27
67,Italian Grand Prix,2006-09-10
68,Chinese Grand Prix,2006-10-01
69,Japanese Grand Prix,2006-10-08
70,Brazilian Grand Prix,2006-10-22
71,Australian Grand Prix,2005-03-06
72,Malaysian Grand Prix,2005-03-20
73,Bahrain Grand Prix,2005-04-03
74,San Marino Grand Prix,2005-04-24
75,Spanish Grand Prix,2005-05-08
76,Monaco Grand Prix,2005-05-22
77,European Grand Prix,2005-05-29
78,Canadian Grand Prix,2005-06-12
79,United States Grand Prix,2005-06-19
80,French Grand Prix,2005-07-03
81,British Grand Prix,2005-07-10
82,German Grand Prix,2005-07-24
83,Hungarian Grand Prix,2005-07-31
84,Turkish Grand Prix,2005-08-21
85,Italian Grand Prix,2005-09-04
86,Belgian Grand Prix,2005-09-11
87,Brazilian Grand Prix,2005-09-25
88,Japanese Grand Prix,2005-10-09
89,Chinese Grand Prix,2005-10-16
90,Australian Grand Prix,2004-03-07
91,Malaysian Grand Prix,2004-03-21
92,Bahrain Grand Prix,2004-04-04
93,San Marino Grand Prix,2004-04-25
94,Spanish Grand Prix,2004-05-09
95,Monaco Grand Prix,2004-05-23
96,European Grand Prix,2004-05-30
97,Canadian Grand Prix,2004-06-13
98,United States Grand Prix,2004-06-20
99,French Grand Prix,2004-07-04
100,British Grand Prix,2004-07-11
101,German Grand Prix,2004-07-25
102,Hungarian Grand Prix,2004-08-15
103,Belgian Grand Prix,2004-08-29
104,Italian Grand Prix,2004-09-12
105,Chinese Grand Prix,2004-09-26
106,Japanese Grand Prix,2004-10-10
107,Brazilian Grand Prix,2004-10-24
108,Australian Grand Prix,2003-03-09
109,Malaysian Grand Prix,2003-03-23
110,Brazilian Grand Prix,2003-04-06
111,San Marino Grand Prix,2003-04-20
112,Spanish Grand Prix,2003-05-04
113,Austrian Grand Prix,2003-05-18
114,Monaco Grand Prix,2003-06-01
115,Canadian Grand Prix,2003-06-15
116,European Grand Prix,2003-06-29
117,French Grand Prix,2003-07-06
118,British Grand Prix,2003-07-20
119,German Grand Prix,2003-08-03
120,Hungarian Grand Prix,2003-08-24
121,Italian Grand Prix,2003-09-14
122,United States Grand Prix,2003-09-28
123,Japanese Grand Prix,2003-10-12
124,Australian Grand Prix,2002-03-03
125,Malaysian Grand Prix,2002-03-17
126,Brazilian Grand Prix,2002-03-31
127,San Marino Grand Prix,2002-04-14
128,Spanish Grand Prix,2002-04-28
129,Austrian Grand Prix,2002-05-12
130,Monaco Grand Prix,2002-05-26
131,Canadian Grand Prix,2002-06-09
132,European Grand Prix,2002-06-23
133,British Grand Prix,2002-07-07
134,French Grand Prix,2002-07-21
135,German Grand Prix,2002-07-28
136,Hungarian Grand Prix,2002-08-18
137,Belgian Grand Prix,2002-09-01
138,Italian Grand Prix,2002-09-15
139,United States Grand Prix,2002-09-29
140,Japanese Grand Prix,2002-10-13
141,Australian Grand Prix,2001-03-04
142,Malaysian Grand Prix,2001-03-18
143,Brazilian Grand Prix,2001-04-01
144,San Marino Grand Prix,2001-04-15
145,Spanish Grand Prix,2001-04-29
146,Austrian Grand Prix,2001-05-13
147,Monaco Grand Prix,2001-05-27
148,Canadian Grand Prix,2001-06-10
149,European Grand Prix,2001-06-24
150,French Grand Prix,2001-07-01
151,British Grand Prix,2001-07-15
152,German Grand Prix,2001-07-29
153,Hungarian Grand Prix,2001-08-19
154,Belgian Grand Prix,2001-09-02
155,Italian Grand Prix,2001-09-16
156,United States Grand Prix,2001-09-30
157,Japanese Grand Prix,2001-10-14
158,Australian Grand Prix,2000-03-12
159,Brazilian Grand Prix,2000-03-26
160,San Marino Grand Prix,2000-04-09
161,British Grand Prix,2000-04-23
162,Spanish Grand Prix,2000-05-07
163,European Grand Prix,2000-05-21
164,Monaco Grand Prix,2000-06-04
165,Canadian Grand Prix,2000-06-18
166,French Grand Prix,2000-07-02
167,Austrian Grand Prix,2000-07-16
168,German Grand Prix,2000-07-30
169,Hungarian Grand Prix,2000-08-13
170,Belgian Grand Prix,2000-08-27
171,Italian Grand Prix,2000-09-10
172,United States Grand Prix,2000-09-24
173,Japanese Grand Prix,2000-10-08
174,Malaysian Grand Prix,2000-10-22
175,Australian Grand Prix,1999-03-07
176,Brazilian Grand Prix,1999-04-11
177,San Marino Grand Prix,1999-05-02
178,Monaco Grand Prix,1999-05-16
179,Spanish Grand Prix,1999-05-30
180,Canadian Grand Prix,1999-06-13
181,French Grand Prix,1999-06-27
182,British Grand Prix,1999-07-11
183,Austrian Grand Prix,1999-07-25
184,German Grand Prix,1999-08-01
185,Hungarian Grand Prix,1999-08-15
186,Belgian Grand Prix,1999-08-29
187,Italian Grand Prix,1999-09-12
188,European Grand Prix,1999-09-26
189,Malaysian Grand Prix,1999-10-17
190,Japanese Grand Prix,1999-10-31
191,Australian Grand Prix,1998-03-08
192,Brazilian Grand Prix,1998-03-29
193,Argentine Grand Prix,1998-04-12
194,San Marino Grand Prix,1998-04-26
195,Spanish Grand Prix,1998-05-10
196,Monaco Grand Prix,1998-05-24
197,Canadian Grand Prix,1998-06-07
198,French Grand Prix,1998-06-28
199,British Grand Prix,1998-07-12
200,Austrian Grand Prix,1998-07-26
201,German Grand Prix,1998-08-02
202,Hungarian Grand Prix,1998-08-16
203,Belgian Grand Prix,1998-08-30
204,Italian Grand Prix,1998-09-13
205,Luxembourg Grand Prix,1998-09-27
206,Japanese Grand Prix,1998-11-01
207,Australian Grand Prix,1997-03-09
208,Brazilian Grand Prix,1997-03-30
209,Argentine Grand Prix,1997-04-13
210,San Marino Grand Prix,1997-04-27
211,Monaco Grand Prix,1997-05-11
212,Spanish Grand Prix,1997-05-25
213,Canadian Grand Prix,1997-06-15
214,French Grand Prix,1997-06-29
215,British Grand Prix,1997-07-13
216,German Grand Prix,1997-07-27
217,Hungarian Grand Prix,1997-08-10
218,Belgian Grand Prix,1997-08-24
219,Italian Grand Prix,1997-09-07
220,Austrian Grand Prix,1997-09-21
221,Luxembourg Grand Prix,1997-09-28
222,Japanese Grand Prix,1997-10-12
223,European Grand Prix,1997-10-26
224,Australian Grand Prix,1996-03-10
225,Brazilian Grand Prix,1996-03-31
226,Argentine Grand Prix,1996-04-07
227,European Grand Prix,1996-04-28
228,San Marino Grand Prix,1996-05-05
229,Monaco Grand Prix,1996-05-19
230,Spanish Grand Prix,1996-06-02
231,Canadian Grand Prix,1996-06-16
232,French Grand Prix,1996-06-30
233,British Grand Prix,1996-07-14
234,German Grand Prix,1996-07-28
235,Hungarian Grand Prix,1996-08-11
236,Belgian Grand Prix,1996-08-25
237,Italian Grand Prix,1996-09-08
238,Portuguese Grand Prix,1996-09-22
239,Japanese Grand Prix,1996-10-13
240,Brazilian Grand Prix,1995-03-26
241,Argentine Grand Prix,1995-04-09
242,San Marino Grand Prix,1995-04-30
243,Spanish Grand Prix,1995-05-14
244,Monaco Grand Prix,1995-05-28
245,Canadian Grand Prix,1995-06-11
246,French Grand Prix,1995-07-02
247,British Grand Prix,1995-07-16
248,German Grand Prix,1995-07-30
249,Hungarian Grand Prix,1995-08-13
250,Belgian Grand Prix,1995-08-27
251,Italian Grand Prix,1995-09-10
252,Portuguese Grand Prix,1995-09-24
253,European Grand Prix,1995-10-01
254,Pacific Grand Prix,1995-10-22
255,Japanese Grand Prix,1995-10-29
256,Australian Grand Prix,1995-11-12
257,Brazilian Grand Prix,1994-03-27
258,Pacific Grand Prix,1994-04-17
259,San Marino Grand Prix,1994-05-01
260,Monaco Grand Prix,1994-05-15
261,Spanish Grand Prix,1994-05-29
262,Canadian Grand Prix,1994-06-12
263,French Grand Prix,1994-07-03
264,British Grand Prix,1994-07-10
265,German Grand Prix,1994-07-31
266,Hungarian Grand Prix,1994-08-14
267,Belgian Grand Prix,1994-08-28
268,Italian Grand Prix,1994-09-11
269,Portuguese Grand Prix,1994-09-25
270,European Grand Prix,1994-10-16
271,Japanese Grand Prix,1994-11-06
272,Australian Grand Prix,1994-11-13
273,South African Grand Prix,1993-03-14
274,Brazilian Grand Prix,1993-03-28
275,European Grand Prix,1993-04-11
276,San Marino Grand Prix,1993-04-25
277,Spanish Grand Prix,1993-05-09
278,Monaco Grand Prix,1993-05-23
279,Canadian Grand Prix,1993-06-13
280,French Grand Prix,1993-07-04
281,British Grand Prix,1993-07-11
282,German Grand Prix,1993-07-25
283,Hungarian Grand Prix,1993-08-15
284,Belgian Grand Prix,1993-08-29
285,Italian Grand Prix,1993-09-12
286,Portuguese Grand Prix,1993-09-26
287,Japanese Grand Prix,1993-10-24
288,Australian Grand Prix,1993-11-07
289,South African Grand Prix,1992-03-01
290,Mexican Grand Prix,1992-03-22
291,Brazilian Grand Prix,1992-04-05
292,Spanish Grand Prix,1992-05-03
293,San Marino Grand Prix,1992-05-17
294,Monaco Grand Prix,1992-05-31
295,Canadian Grand Prix,1992-06-14
296,French Grand Prix,1992-07-05
297,British Grand Prix,1992-07-12
298,German Grand Prix,1992-07-26
299,Hungarian Grand Prix,1992-08-16
300,Belgian Grand Prix,1992-08-30
301,Italian Grand Prix,1992-09-13
302,Portuguese Grand Prix,1992-09-27
303,Japanese Grand Prix,1992-10-25
304,Australian Grand Prix,1992-11-08
305,United States Grand Prix,1991-03-10
306,Brazilian Grand Prix,1991-03-24
307,San Marino Grand Prix,1991-04-28
308,Monaco Grand Prix,1991-05-12
309,Canadian Grand Prix,1991-06-02
310,Mexican Grand Prix,1991-06-16
311,French Grand Prix,1991-07-07
312,British Grand Prix,1991-07-14
313,German Grand Prix,1991-07-28
314,Hungarian Grand Prix,1991-08-11
315,Belgian Grand Prix,1991-08-25
316,Italian Grand Prix,1991-09-08
317,Portuguese Grand Prix,1991-09-22
318,Spanish Grand Prix,1991-09-29
319,Japanese Grand Prix,1991-10-20
320,Australian Grand Prix,1991-11-03
321,United States Grand Prix,1990-03-11
322,Brazilian Grand Prix,1990-03-25
323,San Marino Grand Prix,1990-05-13
324,Monaco Grand Prix,1990-05-27
325,Canadian Grand Prix,1990-06-10
326,Mexican Grand Prix,1990-06-24
327,French Grand Prix,1990-07-08
328,British Grand Prix,1990-07-15
329,German Grand Prix,1990-07-29
330,Hungarian Grand Prix,1990-08-12
331,Belgian Grand Prix,1990-08-26
332,Italian Grand Prix,1990-09-09
333,Portuguese Grand Prix,1990-09-23
334,Spanish Grand Prix,1990-09-30
335,Japanese Grand Prix,1990-10-21
336,Australian Grand Prix,1990-11-04
337,Bahrain Grand Prix,2010-03-14
338,Australian Grand Prix,2010-03-28
339,Malaysian Grand Prix,2010-04-04
340,Chinese Grand Prix,2010-04-18
341,Spanish Grand Prix,2010-05-09
342,Monaco Grand Prix,2010-05-16
343,Turkish Grand Prix,2010-05-30
344,Canadian Grand Prix,2010-06-13
345,European Grand Prix,2010-06-27
346,British Grand Prix,2010-07-11
347,German Grand Prix,2010-07-25
348,Hungarian Grand Prix,2010-08-01
349,Belgian Grand Prix,2010-08-29
350,Italian Grand Prix,2010-09-12
351,Singapore Grand Prix,2010-09-26
352,Japanese Grand Prix,2010-10-10
353,Korean Grand Prix,2010-10-24
354,Brazilian Grand Prix,2010-11-07
355,Abu Dhabi Grand Prix,2010-11-14
356,Brazilian Grand Prix,1989-03-26
357,San Marino Grand Prix,1989-04-23
358,Monaco Grand Prix,1989-05-07
359,Mexican Grand Prix,1989-05-28
360,United States Grand Prix,1989-06-04
361,Canadian Grand Prix,1989-06-18
362,French Grand Prix,1989-07-09
363,British Grand Prix,1989-07-16
364,German Grand Prix,1989-07-30
365,Hungarian Grand Prix,1989-08-13
366,Belgian Grand Prix,1989-08-27
367,Italian Grand Prix,1989-09-10
368,Portuguese Grand Prix,1989-09-24
369,Spanish Grand Prix,1989-10-01
370,Japanese Grand Prix,1989-10-22
371,Australian Grand Prix,1989-11-05
372,Brazilian Grand Prix,1988-04-03
373,San Marino Grand Prix,1988-05-01
374,Monaco Grand Prix,1988-05-15
375,Mexican Grand Prix,1988-05-29
376,Canadian Grand Prix,1988-06-12
377,Detroit Grand Prix,1988-06-19
378,French Grand Prix,1988-07-03
379,British Grand Prix,1988-07-10
380,German Grand Prix,1988-07-24
381,Hungarian Grand Prix,1988-08-07
382,Belgian Grand Prix,1988-08-28
383,Italian Grand Prix,1988-09-11
384,Portuguese Grand Prix,1988-09-25
385,Spanish Grand Prix,1988-10-02
386,Japanese Grand Prix,1988-10-30
387,Australian Grand Prix,1988-11-13
388,Brazilian Grand Prix,1987-04-12
389,San Marino Grand Prix,1987-05-03
390,Belgian Grand Prix,1987-05-17
391,Monaco Grand Prix,1987-05-31
392,Detroit Grand Prix,1987-06-21
393,French Grand Prix,1987-07-05
394,British Grand Prix,1987-07-12
395,German Grand Prix,1987-07-26
396,Hungarian Grand Prix,1987-08-09
397,Austrian Grand Prix,1987-08-16
398,Italian Grand Prix,1987-09-06
399,Portuguese Grand Prix,1987-09-20
400,Spanish Grand Prix,1987-09-27
401,Mexican Grand Prix,1987-10-18
402,Japanese Grand Prix,1987-11-01
403,Australian Grand Prix,1987-11-15
404,Brazilian Grand Prix,1986-03-23
405,Spanish Grand Prix,1986-04-13
406,San Marino Grand Prix,1986-04-27
407,Monaco Grand Prix,1986-05-11
408,Belgian Grand Prix,1986-05-25
409,Canadian Grand Prix,1986-06-15
410,Detroit Grand Prix,1986-06-22
411,French Grand Prix,1986-07-06
412,British Grand Prix,1986-07-13
413,German Grand Prix,1986-07-27
414,Hungarian Grand Prix,1986-08-10
415,Austrian Grand Prix,1986-08-17
416,Italian Grand Prix,1986-09-07
417,Portuguese Grand Prix,1986-09-21
418,Mexican Grand Prix,1986-10-12
419,Australian Grand Prix,1986-10-26
420,Brazilian Grand Prix,1985-04-07
421,Portuguese Grand Prix,1985-04-21
422,San Marino Grand Prix,1985-05-05
423,Monaco Grand Prix,1985-05-19
424,Canadian Grand Prix,1985-06-16
425,Detroit Grand Prix,1985-06-23
426,French Grand Prix,1985-07-07
427,British Grand Prix,1985-07-21
428,German Grand Prix,1985-08-04
429,Austrian Grand Prix,1985-08-18
430,Dutch Grand Prix,1985-08-25
431,Italian Grand Prix,1985-09-08
432,Belgian Grand Prix,1985-09-15
433,European Grand Prix,1985-10-06
434,South African Grand Prix,1985-10-19
435,Australian Grand Prix,1985-11-03
436,Brazilian Grand Prix,1984-03-25
437,South African Grand Prix,1984-04-07
438,Belgian Grand Prix,1984-04-29
439,San Marino Grand Prix,1984-05-06
440,French Grand Prix,1984-05-20
441,Monaco Grand Prix,1984-06-03
442,Canadian Grand Prix,1984-06-17
443,Detroit Grand Prix,1984-06-24
444,Dallas Grand Prix,1984-07-08
445,British Grand Prix,1984-07-22
446,German Grand Prix,1984-08-05
447,Austrian Grand Prix,1984-08-19
448,Dutch Grand Prix,1984-08-26
449,Italian Grand Prix,1984-09-09
450,European Grand Prix,1984-10-07
451,Portuguese Grand Prix,1984-10-21
452,Brazilian Grand Prix,1983-03-13
453,United States Grand Prix West,1983-03-27
454,French Grand Prix,1983-04-17
455,San Marino Grand Prix,1983-05-01
456,Monaco Grand Prix,1983-05-15
457,Belgian Grand Prix,1983-05-22
458,Detroit Grand Prix,1983-06-05
459,Canadian Grand Prix,1983-06-12
460,British Grand Prix,1983-07-16
461,German Grand Prix,1983-08-07
462,Austrian Grand Prix,1983-08-14
463,Dutch Grand Prix,1983-08-28
464,Italian Grand Prix,1983-09-11
465,European Grand Prix,1983-09-25
466,South African Grand Prix,1983-10-15
467,South African Grand Prix,1982-01-23
468,Brazilian Grand Prix,1982-03-21
469,United States Grand Prix West,1982-04-04
470,San Marino Grand Prix,1982-04-25
471,Belgian Grand Prix,1982-05-09
472,Monaco Grand Prix,1982-05-23
473,Detroit Grand Prix,1982-06-06
474,Canadian Grand Prix,1982-06-13
475,Dutch Grand Prix,1982-07-03
476,British Grand Prix,1982-07-18
477,French Grand Prix,1982-07-25
478,German Grand Prix,1982-08-08
479,Austrian Grand Prix,1982-08-15
480,Swiss Grand Prix,1982-08-29
481,Italian Grand Prix,1982-09-12
482,Caesars Palace Grand Prix,1982-09-25
483,United States Grand Prix West,1981-03-15
484,Brazilian Grand Prix,1981-03-29
485,Argentine Grand Prix,1981-04-12
486,San Marino Grand Prix,1981-05-03
487,Belgian Grand Prix,1981-05-17
488,Monaco Grand Prix,1981-05-31
489,Spanish Grand Prix,1981-06-21
490,French Grand Prix,1981-07-05
491,British Grand Prix,1981-07-18
492,German Grand Prix,1981-08-02
493,Austrian Grand Prix,1981-08-16
494,Dutch Grand Prix,1981-08-30
495,Italian Grand Prix,1981-09-13
496,Canadian Grand Prix,1981-09-27
497,Caesars Palace Grand Prix,1981-10-17
498,Argentine Grand Prix,1980-01-13
499,Brazilian Grand Prix,1980-01-27
500,South African Grand Prix,1980-03-01
501,United States Grand Prix West,1980-03-30
502,Belgian Grand Prix,1980-05-04
503,Monaco Grand Prix,1980-05-18
504,French Grand Prix,1980-06-29
505,British Grand Prix,1980-07-13
506,German Grand Prix,1980-08-10
507,Austrian Grand Prix,1980-08-17
508,Dutch Grand Prix,1980-08-31
509,Italian Grand Prix,1980-09-14
510,Canadian Grand Prix,1980-09-28
511,United States Grand Prix,1980-10-05
512,Argentine Grand Prix,1979-01-21
513,Brazilian Grand Prix,1979-02-04
514,South African Grand Prix,1979-03-03
515,United States Grand Prix West,1979-04-08
516,Spanish Grand Prix,1979-04-29
517,Belgian Grand Prix,1979-05-13
518,Monaco Grand Prix,1979-05-27
519,French Grand Prix,1979-07-01
520,British Grand Prix,1979-07-14
521,German Grand Prix,1979-07-29
522,Austrian Grand Prix,1979-08-12
523,Dutch Grand Prix,1979-08-26
524,Italian Grand Prix,1979-09-09
525,Canadian Grand Prix,1979-09-30
526,United States Grand Prix,1979-10-07
527,Argentine Grand Prix,1978-01-15
528,Brazilian Grand Prix,1978-01-29
529,South African Grand Prix,1978-03-04
530,United States Grand Prix West,1978-04-02
531,Monaco Grand Prix,1978-05-07
532,Belgian Grand Prix,1978-05-21
533,Spanish Grand Prix,1978-06-04
534,Swedish Grand Prix,1978-06-17
535,French Grand Prix,1978-07-02
536,British Grand Prix,1978-07-16
537,German Grand Prix,1978-07-30
538,Austrian Grand Prix,1978-08-13
539,Dutch Grand Prix,1978-08-27
540,Italian Grand Prix,1978-09-10
541,United States Grand Prix,1978-10-01
542,Canadian Grand Prix,1978-10-08
543,Argentine Grand Prix,1977-01-09
544,Brazilian Grand Prix,1977-01-23
545,South African Grand Prix,1977-03-05
546,United States Grand Prix West,1977-04-03
547,Spanish Grand Prix,1977-05-08
548,Monaco Grand Prix,1977-05-22
549,Belgian Grand Prix,1977-06-05
550,Swedish Grand Prix,1977-06-19
551,French Grand Prix,1977-07-03
552,British Grand Prix,1977-07-16
553,German Grand Prix,1977-07-31
554,Austrian Grand Prix,1977-08-14
555,Dutch Grand Prix,1977-08-28
556,Italian Grand Prix,1977-09-11
557,United States Grand Prix,1977-10-02
558,Canadian Grand Prix,1977-10-09
559,Japanese Grand Prix,1977-10-23
560,Brazilian Grand Prix,1976-01-25
561,South African Grand Prix,1976-03-06
562,United States Grand Prix West,1976-03-28
563,Spanish Grand Prix,1976-05-02
564,Belgian Grand Prix,1976-05-16
565,Monaco Grand Prix,1976-05-30
566,Swedish Grand Prix,1976-06-13
567,French Grand Prix,1976-07-04
568,British Grand Prix,1976-07-18
569,German Grand Prix,1976-08-01
570,Austrian Grand Prix,1976-08-15
571,Dutch Grand Prix,1976-08-29
572,Italian Grand Prix,1976-09-12
573,Canadian Grand Prix,1976-10-03
574,United States Grand Prix,1976-10-10
575,Japanese Grand Prix,1976-10-24
576,Argentine Grand Prix,1975-01-12
577,Brazilian Grand Prix,1975-01-26
578,South African Grand Prix,1975-03-01
579,Spanish Grand Prix,1975-04-27
580,Monaco Grand Prix,1975-05-11
581,Belgian Grand Prix,1975-05-25
582,Swedish Grand Prix,1975-06-08
583,Dutch Grand Prix,1975-06-22
584,French Grand Prix,1975-07-06
585,British Grand Prix,1975-07-19
586,German Grand Prix,1975-08-03
587,Austrian Grand Prix,1975-08-17
588,Italian Grand Prix,1975-09-07
589,United States Grand Prix,1975-10-05
590,Argentine Grand Prix,1974-01-13
591,Brazilian Grand Prix,1974-01-27
592,South African Grand Prix,1974-03-30
593,Spanish Grand Prix,1974-04-28
594,Belgian Grand Prix,1974-05-12
595,Monaco Grand Prix,1974-05-26
596,Swedish Grand Prix,1974-06-09
597,Dutch Grand Prix,1974-06-23
598,French Grand Prix,1974-07-07
599,British Grand Prix,1974-07-20
600,German Grand Prix,1974-08-04
601,Austrian Grand Prix,1974-08-18
602,Italian Grand Prix,1974-09-08
603,Canadian Grand Prix,1974-09-22
604,United States Grand Prix,1974-10-06
605,Argentine Grand Prix,1973-01-28
606,Brazilian Grand Prix,1973-02-11
607,South African Grand Prix,1973-03-03
608,Spanish Grand Prix,1973-04-29
609,Belgian Grand Prix,1973-05-20
610,Monaco Grand Prix,1973-06-03
611,Swedish Grand Prix,1973-06-17
612,French Grand Prix,1973-07-01
613,British Grand Prix,1973-07-14
614,Dutch Grand Prix,1973-07-29
615,German Grand Prix,1973-08-05
616,Austrian Grand Prix,1973-08-19
617,Italian Grand Prix,1973-09-09
618,Canadian Grand Prix,1973-09-23
619,United States Grand Prix,1973-10-07
620,Argentine Grand Prix,1972-01-23
621,South African Grand Prix,1972-03-04
622,Spanish Grand Prix,1972-05-01
623,Monaco Grand Prix,1972-05-14
624,Belgian Grand Prix,1972-06-04
625,French Grand Prix,1972-07-02
626,British Grand Prix,1972-07-15
627,German Grand Prix,1972-07-30
628,Austrian Grand Prix,1972-08-13
629,Italian Grand Prix,1972-09-10
630,Canadian Grand Prix,1972-09-24
631,United States Grand Prix,1972-10-08
632,South African Grand Prix,1971-03-06
633,Spanish Grand Prix,1971-04-18
634,Monaco Grand Prix,1971-05-23
635,Dutch Grand Prix,1971-06-20
636,French Grand Prix,1971-07-04
637,British Grand Prix,1971-07-17
638,German Grand Prix,1971-08-01
639,Austrian Grand Prix,1971-08-15
640,Italian Grand Prix,1971-09-05
641,Canadian Grand Prix,1971-09-19
642,United States Grand Prix,1971-10-03
643,South African Grand Prix,1970-03-07
644,Spanish Grand Prix,1970-04-19
645,Monaco Grand Prix,1970-05-10
646,Belgian Grand Prix,1970-06-07
647,Dutch Grand Prix,1970-06-21
648,French Grand Prix,1970-07-05
649,British Grand Prix,1970-07-18
650,German Grand Prix,1970-08-02
651,Austrian Grand Prix,1970-08-16
652,Italian Grand Prix,1970-09-06
653,Canadian Grand Prix,1970-09-20
654,United States Grand Prix,1970-10-04
655,Mexican Grand Prix,1970-10-25
656,South African Grand Prix,1969-03-01
657,Spanish Grand Prix,1969-05-04
658,Monaco Grand Prix,1969-05-18
659,Dutch Grand Prix,1969-06-21
660,French Grand Prix,1969-07-06
661,British Grand Prix,1969-07-19
662,German Grand Prix,1969-08-03
663,Italian Grand Prix,1969-09-07
664,Canadian Grand Prix,1969-09-20
665,United States Grand Prix,1969-10-05
666,Mexican Grand Prix,1969-10-19
667,South African Grand Prix,1968-01-01
668,Spanish Grand Prix,1968-05-12
669,Monaco Grand Prix,1968-05-26
670,Belgian Grand Prix,1968-06-09
671,Dutch Grand Prix,1968-06-23
672,French Grand Prix,1968-07-07
673,British Grand Prix,1968-07-20
674,German Grand Prix,1968-08-04
675,Italian Grand Prix,1968-09-08
676,Canadian Grand Prix,1968-09-22
677,United States Grand Prix,1968-10-06
678,Mexican Grand Prix,1968-11-03
679,South African Grand Prix,1967-01-02
680,Monaco Grand Prix,1967-05-07
681,Dutch Grand Prix,1967-06-04
682,Belgian Grand Prix,1967-06-18
683,French Grand Prix,1967-07-02
684,British Grand Prix,1967-07-15
685,German Grand Prix,1967-08-06
686,Canadian Grand Prix,1967-08-27
687,Italian Grand Prix,1967-09-10
688,United States Grand Prix,1967-10-01
689,Mexican Grand Prix,1967-10-22
690,Monaco Grand Prix,1966-05-22
691,Belgian Grand Prix,1966-06-12
692,French Grand Prix,1966-07-03
693,British Grand Prix,1966-07-16
694,Dutch Grand Prix,1966-07-24
695,German Grand Prix,1966-08-07
696,Italian Grand Prix,1966-09-04
697,United States Grand Prix,1966-10-02
698,Mexican Grand Prix,1966-10-23
699,South African Grand Prix,1965-01-01
700,Monaco Grand Prix,1965-05-30
701,Belgian Grand Prix,1965-06-13
702,French Grand Prix,1965-06-27
703,British Grand Prix,1965-07-10
704,Dutch Grand Prix,1965-07-18
705,German Grand Prix,1965-08-01
706,Italian Grand Prix,1965-09-12
707,United States Grand Prix,1965-10-03
708,Mexican Grand Prix,1965-10-24
709,Monaco Grand Prix,1964-05-10
710,Dutch Grand Prix,1964-05-24
711,Belgian Grand Prix,1964-06-14
712,French Grand Prix,1964-06-28
713,British Grand Prix,1964-07-11
714,German Grand Prix,1964-08-02
715,Austrian Grand Prix,1964-08-23
716,Italian Grand Prix,1964-09-06
717,United States Grand Prix,1964-10-04
718,Mexican Grand Prix,1964-10-25
719,Monaco Grand Prix,1963-05-26
720,Belgian Grand Prix,1963-06-09
721,Dutch Grand Prix,1963-06-23
722,French Grand Prix,1963-06-30
723,British Grand Prix,1963-07-20
724,German Grand Prix,1963-08-04
725,Italian Grand Prix,1963-09-08
726,United States Grand Prix,1963-10-06
727,Mexican Grand Prix,1963-10-27
728,South African Grand Prix,1963-12-28
729,Dutch Grand Prix,1962-05-20
730,Monaco Grand Prix,1962-06-03
731,Belgian Grand Prix,1962-06-17
732,French Grand Prix,1962-07-08
733,British Grand Prix,1962-07-21
734,German Grand Prix,1962-08-05
735,Italian Grand Prix,1962-09-16
736,United States Grand Prix,1962-10-07
737,South African Grand Prix,1962-12-29
738,Monaco Grand Prix,1961-05-14
739,Dutch Grand Prix,1961-05-22
740,Belgian Grand Prix,1961-06-18
741,French Grand Prix,1961-07-02
742,British Grand Prix,1961-07-15
743,German Grand Prix,1961-08-06
744,Italian Grand Prix,1961-09-10
745,United States Grand Prix,1961-10-08
746,Argentine Grand Prix,1960-02-07
747,Monaco Grand Prix,1960-05-29
748,Indianapolis 500,1960-05-30
749,Dutch Grand Prix,1960-06-06
750,Belgian Grand Prix,1960-06-19
751,French Grand Prix,1960-07-03
752,British Grand Prix,1960-07-16
753,Portuguese Grand Prix,1960-08-14
754,Italian Grand Prix,1960-09-04
755,United States Grand Prix,1960-11-20
756,Monaco Grand Prix,1959-05-10
757,Indianapolis 500,1959-05-30
758,Dutch Grand Prix,1959-05-31
759,French Grand Prix,1959-07-05
760,British Grand Prix,1959-07-18
761,German Grand Prix,1959-08-02
762,Portuguese Grand Prix,1959-08-23
763,Italian Grand Prix,1959-09-13
764,United States Grand Prix,1959-12-12
765,Argentine Grand Prix,1958-01-19
766,Monaco Grand Prix,1958-05-18
767,Dutch Grand Prix,1958-05-26
768,Indianapolis 500,1958-05-30
769,Belgian Grand Prix,1958-06-15
770,French Grand Prix,1958-07-06
771,British Grand Prix,1958-07-19
772,German Grand Prix,1958-08-03
773,Portuguese Grand Prix,1958-08-24
774,Italian Grand Prix,1958-09-07
775,Moroccan Grand Prix,1958-10-19
776,Argentine Grand Prix,1957-01-13
777,Monaco Grand Prix,1957-05-19
778,Indianapolis 500,1957-05-30
779,French Grand Prix,1957-07-07
780,British Grand Prix,1957-07-20
781,German Grand Prix,1957-08-04
782,Pescara Grand Prix,1957-08-18
783,Italian Grand Prix,1957-09-08
784,Argentine Grand Prix,1956-01-22
785,Monaco Grand Prix,1956-05-13
786,Indianapolis 500,1956-05-30
787,Belgian Grand Prix,1956-06-03
788,French Grand Prix,1956-07-01
789,British Grand Prix,1956-07-14
790,German Grand Prix,1956-08-05
791,Italian Grand Prix,1956-09-02
792,Argentine Grand Prix,1955-01-16
793,Monaco Grand Prix,1955-05-22
794,Indianapolis 500,1955-05-30
795,Belgian Grand Prix,1955-06-05
796,Dutch Grand Prix,1955-06-19
797,British Grand Prix,1955-07-16
798,Italian Grand Prix,1955-09-11
799,Argentine Grand Prix,1954-01-17
800,Indianapolis 500,1954-05-31
801,Belgian Grand Prix,1954-06-20
802,French Grand Prix,1954-07-04
803,British Grand Prix,1954-07-17
804,German Grand Prix,1954-08-01
805,Swiss Grand Prix,1954-08-22
806,Italian Grand Prix,1954-09-05
807,Spanish Grand Prix,1954-10-24
808,Argentine Grand Prix,1953-01-18
809,Indianapolis 500,1953-05-30
810,Dutch Grand Prix,1953-06-07
811,Belgian Grand Prix,1953-06-21
812,French Grand Prix,1953-07-05
813,British Grand Prix,1953-07-18
814,German Grand Prix,1953-08-02
815,Swiss Grand Prix,1953-08-23
816,Italian Grand Prix,1953-09-13
817,Swiss Grand Prix,1952-05-18
818,Indianapolis 500,1952-05-30
819,Belgian Grand Prix,1952-06-22
820,French Grand Prix,1952-07-06
821,British Grand Prix,1952-07-19
822,German Grand Prix,1952-08-03
823,Dutch Grand Prix,1952-08-17
824,Italian Grand Prix,1952-09-07
825,Swiss Grand Prix,1951-05-27
826,Indianapolis 500,1951-05-30
827,Belgian Grand Prix,1951-06-17
828,French Grand Prix,1951-07-01
829,British Grand Prix,1951-07-14
830,German Grand Prix,1951-07-29
831,Italian Grand Prix,1951-09-16
832,Spanish Grand Prix,1951-10-28
833,British Grand Prix,1950-05-13
834,Monaco Grand Prix,1950-05-21
835,Indianapolis 500,1950-05-30
836,Swiss Grand Prix,1950-06-04
837,Belgian Grand Prix,1950-06-18
838,French Grand Prix,1950-07-02
839,Italian Grand Prix,1950-09-03
841,Australian Grand Prix,2011-03-27
842,Malaysian Grand Prix,2011-04-10
843,Chinese Grand Prix,2011-04-17
844,Turkish Grand Prix,2011-05-08
845,Spanish Grand Prix,2011-05-22
846,Monaco Grand Prix,2011-05-29
847,Canadian Grand Prix,2011-06-12
848,European Grand Prix,2011-06-26
849,British Grand Prix,2011-07-10
850,German Grand Prix,2011-07-24
851,Hungarian Grand Prix,2011-07-31
852,Belgian Grand Prix,2011-08-28
853,Italian Grand Prix,2011-09-11
854,Singapore Grand Prix,2011-09-25
855,Japanese Grand Prix,2011-10-09
856,Korean Grand Prix,2011-10-16
857,Indian Grand Prix,2011-10-30
858,Abu Dhabi Grand Prix,2011-11-13
859,Brazilian Grand Prix,2011-11-27
860,Australian Grand Prix,2012-03-18
861,Malaysian Grand Prix,2012-03-25
862,Chinese Grand Prix,2012-04-15
863,Bahrain Grand Prix,2012-04-22
864,Spanish Grand Prix,2012-05-13
865,Monaco Grand Prix,2012-05-27
866,Canadian Grand Prix,2012-06-10
867,European Grand Prix,2012-06-24
868,British Grand Prix,2012-07-08
869,German Grand Prix,2012-07-22
870,Hungarian Grand Prix,2012-07-29
871,Belgian Grand Prix,2012-09-02
872,Italian Grand Prix,2012-09-09
873,Singapore Grand Prix,2012-09-23
874,Japanese Grand Prix,2012-10-07
875,Korean Grand Prix,2012-10-14
876,Indian Grand Prix,2012-10-28
877,Abu Dhabi Grand Prix,2012-11-04
878,United States Grand Prix,2012-11-18
879,Brazilian Grand Prix,2012-11-25
880,Australian Grand Prix,2013-03-17
881,Malaysian Grand Prix,2013-03-24
882,Chinese Grand Prix,2013-04-14
883,Bahrain Grand Prix,2013-04-21
884,Spanish Grand Prix,2013-05-12
885,Monaco Grand Prix,2013-05-26
886,Canadian Grand Prix,2013-06-09
887,British Grand Prix,2013-06-30
888,German Grand Prix,2013-07-07
890,Hungarian Grand Prix,2013-07-28
891,Belgian Grand Prix,2013-08-25
892,Italian Grand Prix,2013-09-08
893,Singapore Grand Prix,2013-09-22
894,Korean Grand Prix,2013-10-06
895,Japanese Grand Prix,2013-10-13
896,Indian Grand Prix,2013-10-27
897,Abu Dhabi Grand Prix,2013-11-03
898,United States Grand Prix,2013-11-17
899,Brazilian Grand Prix,2013-11-24
900,Australian Grand Prix,2014-03-16
901,Malaysian Grand Prix,2014-03-30
902,Bahrain Grand Prix,2014-04-06
903,Chinese Grand Prix,2014-04-20
904,Spanish Grand Prix,2014-05-11
905,Monaco Grand Prix,2014-05-25
906,Canadian Grand Prix,2014-06-08
907,Austrian Grand Prix,2014-06-22
908,British Grand Prix,2014-07-06
909,German Grand Prix,2014-07-20
910,Hungarian Grand Prix,2014-07-27
911,Belgian Grand Prix,2014-08-24
912,Italian Grand Prix,2014-09-07
913,Singapore Grand Prix,2014-09-21
914,Japanese Grand Prix,2014-10-05
915,Russian Grand Prix,2014-10-12
916,United States Grand Prix,2014-11-02
917,Brazilian Grand Prix,2014-11-09
918,Abu Dhabi Grand Prix,2014-11-23
931,Monaco Grand Prix,2015-05-24
932,Canadian Grand Prix,2015-06-07
929,Bahrain Grand Prix,2015-04-19
930,Spanish Grand Prix,2015-05-10
928,Chinese Grand Prix,2015-04-12
926,Australian Grand Prix,2015-03-15
927,Malaysian Grand Prix,2015-03-29
933,Austrian Grand Prix,2015-06-21
934,British Grand Prix,2015-07-05
936,Hungarian Grand Prix,2015-07-26
937,Belgian Grand Prix,2015-08-23
938,Italian Grand Prix,2015-09-06
939,Singapore Grand Prix,2015-09-20
940,Japanese Grand Prix,2015-09-27
941,Russian Grand Prix,2015-10-11
942,United States Grand Prix,2015-10-25
943,Mexican Grand Prix,2015-11-01
944,Brazilian Grand Prix,2015-11-15
945,Abu Dhabi Grand Prix,2015-11-29
948,Australian Grand Prix,2016-03-20
949,Bahrain Grand Prix,2016-04-03
950,Chinese Grand Prix,2016-04-17
951,Russian Grand Prix,2016-05-01
952,Spanish Grand Prix,2016-05-15
953,Monaco Grand Prix,2016-05-29
954,Canadian Grand Prix,2016-06-12
955,European Grand Prix,2016-06-19
956,Austrian Grand Prix,2016-07-03
957,British Grand Prix,2016-07-10
958,Hungarian Grand Prix,2016-07-24
959,German Grand Prix,2016-07-31
960,Belgian Grand Prix,2016-08-28
961,Italian Grand Prix,2016-09-04
962,Singapore Grand Prix,2016-09-18
963,Malaysian Grand Prix,2016-10-02
964,Japanese Grand Prix,2016-10-09
965,United States Grand Prix,2016-10-23
966,Mexican Grand Prix,2016-10-30
967,Brazilian Grand Prix,2016-11-13
968,Abu Dhabi Grand Prix,2016-11-27
969,Australian Grand Prix,2017-03-26
970,Chinese Grand Prix,2017-04-09
971,Bahrain Grand Prix,2017-04-16
972,Russian Grand Prix,2017-04-30
973,Spanish Grand Prix,2017-05-14
974,Monaco Grand Prix,2017-05-28
975,Canadian Grand Prix,2017-06-11
976,Azerbaijan Grand Prix,2017-06-25
977,Austrian Grand Prix,2017-07-09
978,British Grand Prix,2017-07-16
979,Hungarian Grand Prix,2017-07-30
980,Belgian Grand Prix,2017-08-27
981,Italian Grand Prix,2017-09-03
982,Singapore Grand Prix,2017-09-17
983,Malaysian Grand Prix,2017-10-01
984,Japanese Grand Prix,2017-10-08
985,United States Grand Prix,2017-10-22
986,Mexican Grand Prix,2017-10-29
987,Brazilian Grand Prix,2017-11-12
988,Abu Dhabi Grand Prix,2017-11-26
989,Australian Grand Prix,2018-03-25
990,Bahrain Grand Prix,2018-04-08
991,Chinese Grand Prix,2018-04-15
992,Azerbaijan Grand Prix,2018-04-29
993,Spanish Grand Prix,2018-05-13
994,Monaco Grand Prix,2018-05-27
995,Canadian Grand Prix,2018-06-10
996,French Grand Prix,2018-06-24
997,Austrian Grand Prix,2018-07-01
998,British Grand Prix,2018-07-08
999,German Grand Prix,2018-07-22
1000,Hungarian Grand Prix,2018-07-29
1001,Belgian Grand Prix,2018-08-26
1002,Italian Grand Prix,2018-09-02
1003,Singapore Grand Prix,2018-09-16
1004,Russian Grand Prix,2018-09-30
1005,Japanese Grand Prix,2018-10-07
1006,United States Grand Prix,2018-10-21
1007,Mexican Grand Prix,2018-10-28
1008,Brazilian Grand Prix,2018-11-11
1009,Abu Dhabi Grand Prix,2018-11-25
1010,Australian Grand Prix,2019-03-17
1011,Bahrain Grand Prix,2019-03-31
1012,Chinese Grand Prix,2019-04-14
1013,Azerbaijan Grand Prix,2019-04-28
1014,Spanish Grand Prix,2019-05-12
1015,Monaco Grand Prix,2019-05-26
1016,Canadian Grand Prix,2019-06-09
1017,French Grand Prix,2019-06-23
1018,Austrian Grand Prix,2019-06-30
1019,British Grand Prix,2019-07-14
1020,German Grand Prix,2019-07-28
1021,Hungarian Grand Prix,2019-08-04
1022,Belgian Grand Prix,2019-09-01
1023,Italian Grand Prix,2019-09-08
1024,Singapore Grand Prix,2019-09-22
1025,Russian Grand Prix,2019-09-29
1026,Japanese Grand Prix,2019-10-13
1027,Mexican Grand Prix,2019-10-27
1028,United States Grand Prix,2019-11-03
1029,Brazilian Grand Prix,2019-11-17
1030,Abu Dhabi Grand Prix,2019-12-01
1031,Austrian Grand Prix,2020-07-05
1032,Styrian Grand Prix,2020-07-12
1033,Hungarian Grand Prix,2020-07-19
1034,British Grand Prix,2020-08-02
1035,70th Anniversary Grand Prix,2020-08-09
1036,Spanish Grand Prix,2020-08-16
1037,Belgian Grand Prix,2020-08-30
1038,Italian Grand Prix,2020-09-06
1039,Tuscan Grand Prix,2020-09-13
1040,Russian Grand Prix,2020-09-27
1041,Eifel Grand Prix,2020-10-11
1042,Portuguese Grand Prix,2020-10-25
1043,Emilia Romagna Grand Prix,2020-11-01
1044,Turkish Grand Prix,2020-11-15
1045,Bahrain Grand Prix,2020-11-29
1046,Sakhir Grand Prix,2020-12-06
1047,Abu Dhabi Grand Prix,2020-12-13
1053,Emilia Romagna Grand Prix,2021-04-18
1074,Bahrain Grand Prix,2022-03-20
1052,Bahrain Grand Prix,2021-03-28
1051,Qatar Grand Prix,2021-11-21
1054,Portuguese Grand Prix,2021-05-02
1055,Spanish Grand Prix,2021-05-09
1056,Monaco Grand Prix,2021-05-23
1057,Azerbaijan Grand Prix,2021-06-06
1058,Styrian Grand Prix,2021-06-27
1059,French Grand Prix,2021-06-20
1060,Austrian Grand Prix,2021-07-04
1061,British Grand Prix,2021-07-18
1062,Hungarian Grand Prix,2021-08-01
1063,Belgian Grand Prix,2021-08-29
1064,Dutch Grand Prix,2021-09-05
1065,Italian Grand Prix,2021-09-12
1066,Russian Grand Prix,2021-09-26
1067,Turkish Grand Prix,2021-10-10
1069,United States Grand Prix,2021-10-24
1070,Mexico City Grand Prix,2021-11-07
1071,São Paulo Grand Prix,2021-11-14
1072,Saudi Arabian Grand Prix,2021-12-05
1073,Abu Dhabi Grand Prix,2021-12-12
1075,Saudi Arabian Grand Prix,2022-03-27
1076,Australian Grand Prix,2022-04-10
1077,Emilia Romagna Grand Prix,2022-04-24
1078,Miami Grand Prix,2022-05-08
1079,Spanish Grand Prix,2022-05-22
1080,Monaco Grand Prix,2022-05-29
1081,Azerbaijan Grand Prix,2022-06-12
1082,Canadian Grand Prix,2022-06-19
1083,British Grand Prix,2022-07-03
1084,Austrian Grand Prix,2022-07-10
1085,French Grand Prix,2022-07-24
1086,Hungarian Grand Prix,2022-07-31
1087,Belgian Grand Prix,2022-08-28
1088,Dutch Grand Prix,2022-09-04
1089,Italian Grand Prix,2022-09-11
1091,Singapore Grand Prix,2022-10-02
1092,Japanese Grand Prix,2022-10-09
1093,United States Grand Prix,2022-10-23
1094,Mexico City Grand Prix,2022-10-30
1095,Brazilian Grand Prix,2022-11-13
1096,Abu Dhabi Grand Prix,2022-11-20